review_userId,cantidad,promedio_score
A2H9QFIX0RYJMT,100,5.0
A11FX8HL2ANK6T,76,4.4868421052631575
AS5CX8MSIW8NO,76,4.5
A3R68RWKCSLJNA,71,5.0
A3HPCRD9RX351S,61,4.39344262295082
